ID,Canal,Fecha,Ventas Totales,Navegaciones
1,Redes Sociales,2022-01-01,1044,Redes Sociales
2,Redes Sociales,2022-01-01,,"Redes Sociales, Afiliados, Directo, Directo, Directo, Referral, Otros"
2,Afiliados,2022-01-02,,"Redes Sociales, Afiliados, Directo, Directo, Directo, Referral, Otros"
2,Directo,2022-01-03,,"Redes Sociales, Afiliados, Directo, Directo, Directo, Referral, Otros"
2,Directo,2022-01-04,,"Redes Sociales, Afiliados, Directo, Directo, Directo, Referral, Otros"
2,Directo,2022-01-05,,"Redes Sociales, Afiliados, Directo, Directo, Directo, Referral, Otros"
2,Referral,2022-01-06,,"Redes Sociales, Afiliados, Directo, Directo, Directo, Referral, Otros"
2,Otros,2022-01-07,2590,"Redes Sociales, Afiliados, Directo, Directo, Directo, Referral, Otros"
3,Afiliados,2022-01-01,,"Afiliados, Email, Referral, Redes Sociales, Buscadores, Redes Sociales"
3,Email,2022-01-02,,"Afiliados, Email, Referral, Redes Sociales, Buscadores, Redes Sociales"
3,Referral,2022-01-03,,"Afiliados, Email, Referral, Redes Sociales, Buscadores, Redes Sociales"
3,Redes Sociales,2022-01-04,,"Afiliados, Email, Referral, Redes Sociales, Buscadores, Redes Sociales"
3,Buscadores,2022-01-05,,"Afiliados, Email, Referral, Redes Sociales, Buscadores, Redes Sociales"
3,Redes Sociales,2022-01-06,5130,"Afiliados, Email, Referral, Redes Sociales, Buscadores, Redes Sociales"
4,Buscadores,2022-01-01,,"Buscadores, Afiliados, Directo, Redes Sociales, Directo, Referral, Afiliados"
4,Afiliados,2022-01-02,,"Buscadores, Afiliados, Directo, Redes Sociales, Directo, Referral, Afiliados"
4,Directo,2022-01-03,,"Buscadores, Afiliados, Directo, Redes Sociales, Directo, Referral, Afiliados"
4,Redes Sociales,2022-01-04,,"Buscadores, Afiliados, Directo, Redes Sociales, Directo, Referral, Afiliados"
4,Directo,2022-01-05,,"Buscadores, Afiliados, Directo, Redes Sociales, Directo, Referral, Afiliados"
4,Referral,2022-01-06,,"Buscadores, Afiliados, Directo, Redes Sociales, Directo, Referral, Afiliados"
4,Afiliados,2022-01-07,6616,"Buscadores, Afiliados, Directo, Redes Sociales, Directo, Referral, Afiliados"
5,Afiliados,2022-01-01,,"Afiliados, Email, Otros, Buscadores"
5,Email,2022-01-02,,"Afiliados, Email, Otros, Buscadores"
5,Otros,2022-01-03,,"Afiliados, Email, Otros, Buscadores"
5,Buscadores,2022-01-04,2268,"Afiliados, Email, Otros, Buscadores"
6,Directo,2022-01-01,,"Directo, Afiliados, Referral, Afiliados, Directo, Display, Redes Sociales"
6,Afiliados,2022-01-02,,"Directo, Afiliados, Referral, Afiliados, Directo, Display, Redes Sociales"
6,Referral,2022-01-03,,"Directo, Afiliados, Referral, Afiliados, Directo, Display, Redes Sociales"
6,Afiliados,2022-01-04,,"Directo, Afiliados, Referral, Afiliados, Directo, Display, Redes Sociales"
6,Directo,2022-01-05,,"Directo, Afiliados, Referral, Afiliados, Directo, Display, Redes Sociales"
6,Display,2022-01-06,,"Directo, Afiliados, Referral, Afiliados, Directo, Display, Redes Sociales"
6,Redes Sociales,2022-01-07,2835,"Directo, Afiliados, Referral, Afiliados, Directo, Display, Redes Sociales"
7,Buscadores,2022-01-01,,"Buscadores, Referral, Referral, Referral, Referral"
7,Referral,2022-01-02,,"Buscadores, Referral, Referral, Referral, Referral"
7,Referral,2022-01-03,,"Buscadores, Referral, Referral, Referral, Referral"
7,Referral,2022-01-04,,"Buscadores, Referral, Referral, Referral, Referral"
7,Referral,2022-01-05,2610,"Buscadores, Referral, Referral, Referral, Referral"
8,Afiliados,2022-01-01,6390,Afiliados
9,Referral,2022-01-01,817,Referral
10,Afiliados,2022-01-01,,"Afiliados, Display, Afiliados, Otros, Directo, Directo, Redes Sociales"
10,Display,2022-01-02,,"Afiliados, Display, Afiliados, Otros, Directo, Directo, Redes Sociales"
10,Afiliados,2022-01-03,,"Afiliados, Display, Afiliados, Otros, Directo, Directo, Redes Sociales"
10,Otros,2022-01-04,,"Afiliados, Display, Afiliados, Otros, Directo, Directo, Redes Sociales"
10,Directo,2022-01-05,,"Afiliados, Display, Afiliados, Otros, Directo, Directo, Redes Sociales"
10,Directo,2022-01-06,,"Afiliados, Display, Afiliados, Otros, Directo, Directo, Redes Sociales"
10,Redes Sociales,2022-01-07,1290,"Afiliados, Display, Afiliados, Otros, Directo, Directo, Redes Sociales"
11,Buscadores,2022-01-01,,"Buscadores, Redes Sociales, Otros, Referral, Redes Sociales"
11,Redes Sociales,2022-01-02,,"Buscadores, Redes Sociales, Otros, Referral, Redes Sociales"
11,Otros,2022-01-03,,"Buscadores, Redes Sociales, Otros, Referral, Redes Sociales"
11,Referral,2022-01-04,,"Buscadores, Redes Sociales, Otros, Referral, Redes Sociales"
11,Redes Sociales,2022-01-05,456,"Buscadores, Redes Sociales, Otros, Referral, Redes Sociales"
12,Afiliados,2022-01-01,,"Afiliados, Directo, Buscadores, Directo, Redes Sociales, Afiliados, Buscadores"
12,Directo,2022-01-02,,"Afiliados, Directo, Buscadores, Directo, Redes Sociales, Afiliados, Buscadores"
12,Buscadores,2022-01-03,,"Afiliados, Directo, Buscadores, Directo, Redes Sociales, Afiliados, Buscadores"
12,Directo,2022-01-04,,"Afiliados, Directo, Buscadores, Directo, Redes Sociales, Afiliados, Buscadores"
12,Redes Sociales,2022-01-05,,"Afiliados, Directo, Buscadores, Directo, Redes Sociales, Afiliados, Buscadores"
12,Afiliados,2022-01-06,,"Afiliados, Directo, Buscadores, Directo, Redes Sociales, Afiliados, Buscadores"
12,Buscadores,2022-01-07,1668,"Afiliados, Directo, Buscadores, Directo, Redes Sociales, Afiliados, Buscadores"
13,Otros,2022-01-01,,"Otros, Afiliados, Referral, Otros"
13,Afiliados,2022-01-02,,"Otros, Afiliados, Referral, Otros"
13,Referral,2022-01-03,,"Otros, Afiliados, Referral, Otros"
13,Otros,2022-01-04,924,"Otros, Afiliados, Referral, Otros"
14,Redes Sociales,2022-01-01,,"Redes Sociales, Buscadores, Otros, Otros, Directo, Afiliados"
14,Buscadores,2022-01-02,,"Redes Sociales, Buscadores, Otros, Otros, Directo, Afiliados"
14,Otros,2022-01-03,,"Redes Sociales, Buscadores, Otros, Otros, Directo, Afiliados"
14,Otros,2022-01-04,,"Redes Sociales, Buscadores, Otros, Otros, Directo, Afiliados"
14,Directo,2022-01-05,,"Redes Sociales, Buscadores, Otros, Otros, Directo, Afiliados"
14,Afiliados,2022-01-06,1848,"Redes Sociales, Buscadores, Otros, Otros, Directo, Afiliados"
15,Directo,2022-01-01,,"Directo, Directo, Referral, Afiliados, Redes Sociales, Referral, Otros"
15,Directo,2022-01-02,,"Directo, Directo, Referral, Afiliados, Redes Sociales, Referral, Otros"
15,Referral,2022-01-03,,"Directo, Directo, Referral, Afiliados, Redes Sociales, Referral, Otros"
15,Afiliados,2022-01-04,,"Directo, Directo, Referral, Afiliados, Redes Sociales, Referral, Otros"
15,Redes Sociales,2022-01-05,,"Directo, Directo, Referral, Afiliados, Redes Sociales, Referral, Otros"
15,Referral,2022-01-06,,"Directo, Directo, Referral, Afiliados, Redes Sociales, Referral, Otros"
15,Otros,2022-01-07,3438,"Directo, Directo, Referral, Afiliados, Redes Sociales, Referral, Otros"
16,Email,2022-01-01,,"Email, Referral, Redes Sociales, Buscadores, Afiliados"
16,Referral,2022-01-02,,"Email, Referral, Redes Sociales, Buscadores, Afiliados"
16,Redes Sociales,2022-01-03,,"Email, Referral, Redes Sociales, Buscadores, Afiliados"
16,Buscadores,2022-01-04,,"Email, Referral, Redes Sociales, Buscadores, Afiliados"
16,Afiliados,2022-01-05,264,"Email, Referral, Redes Sociales, Buscadores, Afiliados"
17,Referral,2022-01-01,,"Referral, Buscadores, Afiliados, Afiliados, Afiliados, Directo"
17,Buscadores,2022-01-02,,"Referral, Buscadores, Afiliados, Afiliados, Afiliados, Directo"
17,Afiliados,2022-01-03,,"Referral, Buscadores, Afiliados, Afiliados, Afiliados, Directo"
17,Afiliados,2022-01-04,,"Referral, Buscadores, Afiliados, Afiliados, Afiliados, Directo"
17,Afiliados,2022-01-05,,"Referral, Buscadores, Afiliados, Afiliados, Afiliados, Directo"
17,Directo,2022-01-06,4046,"Referral, Buscadores, Afiliados, Afiliados, Afiliados, Directo"
18,Buscadores,2022-01-01,,"Buscadores, Afiliados, Email, Referral, Afiliados, Redes Sociales, Directo"
18,Afiliados,2022-01-02,,"Buscadores, Afiliados, Email, Referral, Afiliados, Redes Sociales, Directo"
18,Email,2022-01-03,,"Buscadores, Afiliados, Email, Referral, Afiliados, Redes Sociales, Directo"
18,Referral,2022-01-04,,"Buscadores, Afiliados, Email, Referral, Afiliados, Redes Sociales, Directo"
18,Afiliados,2022-01-05,,"Buscadores, Afiliados, Email, Referral, Afiliados, Redes Sociales, Directo"
18,Redes Sociales,2022-01-06,,"Buscadores, Afiliados, Email, Referral, Afiliados, Redes Sociales, Directo"
18,Directo,2022-01-07,5196,"Buscadores, Afiliados, Email, Referral, Afiliados, Redes Sociales, Directo"
19,Redes Sociales,2022-01-01,,"Redes Sociales, Email, Redes Sociales"
19,Email,2022-01-02,,"Redes Sociales, Email, Redes Sociales"
19,Redes Sociales,2022-01-03,1218,"Redes Sociales, Email, Redes Sociales"
20,Afiliados,2022-01-01,1736,Afiliados
21,Directo,2022-01-01,,"Directo, Afiliados, Redes Sociales, Referral, Email, Email"
21,Afiliados,2022-01-02,,"Directo, Afiliados, Redes Sociales, Referral, Email, Email"
21,Redes Sociales,2022-01-03,,"Directo, Afiliados, Redes Sociales, Referral, Email, Email"
21,Referral,2022-01-04,,"Directo, Afiliados, Redes Sociales, Referral, Email, Email"
21,Email,2022-01-05,,"Directo, Afiliados, Redes Sociales, Referral, Email, Email"
21,Email,2022-01-06,6544,"Directo, Afiliados, Redes Sociales, Referral, Email, Email"
22,Buscadores,2022-01-01,,"Buscadores, Otros, Otros"
22,Otros,2022-01-02,,"Buscadores, Otros, Otros"
22,Otros,2022-01-03,6669,"Buscadores, Otros, Otros"
23,Referral,2022-01-01,,"Referral, Directo, Afiliados, Otros"
23,Directo,2022-01-02,,"Referral, Directo, Afiliados, Otros"
23,Afiliados,2022-01-03,,"Referral, Directo, Afiliados, Otros"
23,Otros,2022-01-04,5736,"Referral, Directo, Afiliados, Otros"
24,Redes Sociales,2022-01-01,,"Redes Sociales, Afiliados, Afiliados, Email, Redes Sociales, Afiliados, Directo, Redes Sociales"
24,Afiliados,2022-01-02,,"Redes Sociales, Afiliados, Afiliados, Email, Redes Sociales, Afiliados, Directo, Redes Sociales"
24,Afiliados,2022-01-03,,"Redes Sociales, Afiliados, Afiliados, Email, Redes Sociales, Afiliados, Directo, Redes Sociales"
24,Email,2022-01-04,,"Redes Sociales, Afiliados, Afiliados, Email, Redes Sociales, Afiliados, Directo, Redes Sociales"
24,Redes Sociales,2022-01-05,,"Redes Sociales, Afiliados, Afiliados, Email, Redes Sociales, Afiliados, Directo, Redes Sociales"
24,Afiliados,2022-01-06,,"Redes Sociales, Afiliados, Afiliados, Email, Redes Sociales, Afiliados, Directo, Redes Sociales"
24,Directo,2022-01-07,,"Redes Sociales, Afiliados, Afiliados, Email, Redes Sociales, Afiliados, Directo, Redes Sociales"
24,Redes Sociales,2022-01-08,2970,"Redes Sociales, Afiliados, Afiliados, Email, Redes Sociales, Afiliados, Directo, Redes Sociales"
25,Directo,2022-01-01,,"Directo, Otros, Buscadores, Buscadores, Display, Otros, Afiliados"
25,Otros,2022-01-02,,"Directo, Otros, Buscadores, Buscadores, Display, Otros, Afiliados"
25,Buscadores,2022-01-03,,"Directo, Otros, Buscadores, Buscadores, Display, Otros, Afiliados"
25,Buscadores,2022-01-04,,"Directo, Otros, Buscadores, Buscadores, Display, Otros, Afiliados"
25,Display,2022-01-05,,"Directo, Otros, Buscadores, Buscadores, Display, Otros, Afiliados"
25,Otros,2022-01-06,,"Directo, Otros, Buscadores, Buscadores, Display, Otros, Afiliados"
25,Afiliados,2022-01-07,3235,"Directo, Otros, Buscadores, Buscadores, Display, Otros, Afiliados"
26,Afiliados,2022-01-01,,"Afiliados, Redes Sociales, Afiliados, Otros, Afiliados, Directo, Directo, Redes Sociales"
26,Redes Sociales,2022-01-02,,"Afiliados, Redes Sociales, Afiliados, Otros, Afiliados, Directo, Directo, Redes Sociales"
26,Afiliados,2022-01-03,,"Afiliados, Redes Sociales, Afiliados, Otros, Afiliados, Directo, Directo, Redes Sociales"
26,Otros,2022-01-04,,"Afiliados, Redes Sociales, Afiliados, Otros, Afiliados, Directo, Directo, Redes Sociales"
26,Afiliados,2022-01-05,,"Afiliados, Redes Sociales, Afiliados, Otros, Afiliados, Directo, Directo, Redes Sociales"
26,Directo,2022-01-06,,"Afiliados, Redes Sociales, Afiliados, Otros, Afiliados, Directo, Directo, Redes Sociales"
26,Directo,2022-01-07,,"Afiliados, Redes Sociales, Afiliados, Otros, Afiliados, Directo, Directo, Redes Sociales"
26,Redes Sociales,2022-01-08,7968,"Afiliados, Redes Sociales, Afiliados, Otros, Afiliados, Directo, Directo, Redes Sociales"
27,Otros,2022-01-01,,"Otros, Afiliados, Directo, Buscadores"
27,Afiliados,2022-01-02,,"Otros, Afiliados, Directo, Buscadores"
27,Directo,2022-01-03,,"Otros, Afiliados, Directo, Buscadores"
27,Buscadores,2022-01-04,1287,"Otros, Afiliados, Directo, Buscadores"
28,Afiliados,2022-01-01,,"Afiliados, Referral, Directo, Redes Sociales, Redes Sociales, Redes Sociales, Directo"
28,Referral,2022-01-02,,"Afiliados, Referral, Directo, Redes Sociales, Redes Sociales, Redes Sociales, Directo"
28,Directo,2022-01-03,,"Afiliados, Referral, Directo, Redes Sociales, Redes Sociales, Redes Sociales, Directo"
28,Redes Sociales,2022-01-04,,"Afiliados, Referral, Directo, Redes Sociales, Redes Sociales, Redes Sociales, Directo"
28,Redes Sociales,2022-01-05,,"Afiliados, Referral, Directo, Redes Sociales, Redes Sociales, Redes Sociales, Directo"
28,Redes Sociales,2022-01-06,,"Afiliados, Referral, Directo, Redes Sociales, Redes Sociales, Redes Sociales, Directo"
28,Directo,2022-01-07,3668,"Afiliados, Referral, Directo, Redes Sociales, Redes Sociales, Redes Sociales, Directo"
29,Display,2022-01-01,,"Display, Display, Directo, Otros, Referral, Otros, Redes Sociales, Otros"
29,Display,2022-01-02,,"Display, Display, Directo, Otros, Referral, Otros, Redes Sociales, Otros"
29,Directo,2022-01-03,,"Display, Display, Directo, Otros, Referral, Otros, Redes Sociales, Otros"
29,Otros,2022-01-04,,"Display, Display, Directo, Otros, Referral, Otros, Redes Sociales, Otros"
29,Referral,2022-01-05,,"Display, Display, Directo, Otros, Referral, Otros, Redes Sociales, Otros"
29,Otros,2022-01-06,,"Display, Display, Directo, Otros, Referral, Otros, Redes Sociales, Otros"
29,Redes Sociales,2022-01-07,,"Display, Display, Directo, Otros, Referral, Otros, Redes Sociales, Otros"
29,Otros,2022-01-08,2622,"Display, Display, Directo, Otros, Referral, Otros, Redes Sociales, Otros"
30,Afiliados,2022-01-01,,"Afiliados, Redes Sociales"
30,Redes Sociales,2022-01-02,3696,"Afiliados, Redes Sociales"
31,Afiliados,2022-01-01,,"Afiliados, Directo, Redes Sociales, Redes Sociales, Referral"
31,Directo,2022-01-02,,"Afiliados, Directo, Redes Sociales, Redes Sociales, Referral"
31,Redes Sociales,2022-01-03,,"Afiliados, Directo, Redes Sociales, Redes Sociales, Referral"
31,Redes Sociales,2022-01-04,,"Afiliados, Directo, Redes Sociales, Redes Sociales, Referral"
31,Referral,2022-01-05,2178,"Afiliados, Directo, Redes Sociales, Redes Sociales, Referral"
32,Directo,2022-01-01,,"Directo, Directo, Referral, Otros, Redes Sociales, Afiliados, Afiliados"
32,Directo,2022-01-02,,"Directo, Directo, Referral, Otros, Redes Sociales, Afiliados, Afiliados"
32,Referral,2022-01-03,,"Directo, Directo, Referral, Otros, Redes Sociales, Afiliados, Afiliados"
32,Otros,2022-01-04,,"Directo, Directo, Referral, Otros, Redes Sociales, Afiliados, Afiliados"
32,Redes Sociales,2022-01-05,,"Directo, Directo, Referral, Otros, Redes Sociales, Afiliados, Afiliados"
32,Afiliados,2022-01-06,,"Directo, Directo, Referral, Otros, Redes Sociales, Afiliados, Afiliados"
32,Afiliados,2022-01-07,648,"Directo, Directo, Referral, Otros, Redes Sociales, Afiliados, Afiliados"
33,Referral,2022-01-01,,"Referral, Otros, Redes Sociales, Afiliados, Referral, Otros, Afiliados"
33,Otros,2022-01-02,,"Referral, Otros, Redes Sociales, Afiliados, Referral, Otros, Afiliados"
33,Redes Sociales,2022-01-03,,"Referral, Otros, Redes Sociales, Afiliados, Referral, Otros, Afiliados"
33,Afiliados,2022-01-04,,"Referral, Otros, Redes Sociales, Afiliados, Referral, Otros, Afiliados"
33,Referral,2022-01-05,,"Referral, Otros, Redes Sociales, Afiliados, Referral, Otros, Afiliados"
33,Otros,2022-01-06,,"Referral, Otros, Redes Sociales, Afiliados, Referral, Otros, Afiliados"
33,Afiliados,2022-01-07,666,"Referral, Otros, Redes Sociales, Afiliados, Referral, Otros, Afiliados"
34,Buscadores,2022-01-01,,"Buscadores, Directo, Afiliados"
34,Directo,2022-01-02,,"Buscadores, Directo, Afiliados"
34,Afiliados,2022-01-03,5222,"Buscadores, Directo, Afiliados"
35,Directo,2022-01-01,,"Directo, Otros"
35,Otros,2022-01-02,647,"Directo, Otros"
36,Afiliados,2022-01-01,,"Afiliados, Otros, Referral, Redes Sociales, Afiliados, Display, Redes Sociales"
36,Otros,2022-01-02,,"Afiliados, Otros, Referral, Redes Sociales, Afiliados, Display, Redes Sociales"
36,Referral,2022-01-03,,"Afiliados, Otros, Referral, Redes Sociales, Afiliados, Display, Redes Sociales"
36,Redes Sociales,2022-01-04,,"Afiliados, Otros, Referral, Redes Sociales, Afiliados, Display, Redes Sociales"
36,Afiliados,2022-01-05,,"Afiliados, Otros, Referral, Redes Sociales, Afiliados, Display, Redes Sociales"
36,Display,2022-01-06,,"Afiliados, Otros, Referral, Redes Sociales, Afiliados, Display, Redes Sociales"
36,Redes Sociales,2022-01-07,1116,"Afiliados, Otros, Referral, Redes Sociales, Afiliados, Display, Redes Sociales"
37,Display,2022-01-01,,"Display, Afiliados, Buscadores, Email, Afiliados"
37,Afiliados,2022-01-02,,"Display, Afiliados, Buscadores, Email, Afiliados"
37,Buscadores,2022-01-03,,"Display, Afiliados, Buscadores, Email, Afiliados"
37,Email,2022-01-04,,"Display, Afiliados, Buscadores, Email, Afiliados"
37,Afiliados,2022-01-05,570,"Display, Afiliados, Buscadores, Email, Afiliados"
38,Otros,2022-01-01,,"Otros, Redes Sociales"
38,Redes Sociales,2022-01-02,6021,"Otros, Redes Sociales"
39,Afiliados,2022-01-01,,"Afiliados, Redes Sociales, Directo, Redes Sociales, Afiliados, Afiliados"
39,Redes Sociales,2022-01-02,,"Afiliados, Redes Sociales, Directo, Redes Sociales, Afiliados, Afiliados"
39,Directo,2022-01-03,,"Afiliados, Redes Sociales, Directo, Redes Sociales, Afiliados, Afiliados"
39,Redes Sociales,2022-01-04,,"Afiliados, Redes Sociales, Directo, Redes Sociales, Afiliados, Afiliados"
39,Afiliados,2022-01-05,,"Afiliados, Redes Sociales, Directo, Redes Sociales, Afiliados, Afiliados"
39,Afiliados,2022-01-06,1860,"Afiliados, Redes Sociales, Directo, Redes Sociales, Afiliados, Afiliados"
40,Display,2022-01-01,,"Display, Buscadores, Buscadores, Directo, Directo"
40,Buscadores,2022-01-02,,"Display, Buscadores, Buscadores, Directo, Directo"
40,Buscadores,2022-01-03,,"Display, Buscadores, Buscadores, Directo, Directo"
40,Directo,2022-01-04,,"Display, Buscadores, Buscadores, Directo, Directo"
40,Directo,2022-01-05,468,"Display, Buscadores, Buscadores, Directo, Directo"
41,Directo,2022-01-01,,"Directo, Redes Sociales, Afiliados, Buscadores, Directo, Buscadores, Directo, Directo"
41,Redes Sociales,2022-01-02,,"Directo, Redes Sociales, Afiliados, Buscadores, Directo, Buscadores, Directo, Directo"
41,Afiliados,2022-01-03,,"Directo, Redes Sociales, Afiliados, Buscadores, Directo, Buscadores, Directo, Directo"
41,Buscadores,2022-01-04,,"Directo, Redes Sociales, Afiliados, Buscadores, Directo, Buscadores, Directo, Directo"
41,Directo,2022-01-05,,"Directo, Redes Sociales, Afiliados, Buscadores, Directo, Buscadores, Directo, Directo"
41,Buscadores,2022-01-06,,"Directo, Redes Sociales, Afiliados, Buscadores, Directo, Buscadores, Directo, Directo"
41,Directo,2022-01-07,,"Directo, Redes Sociales, Afiliados, Buscadores, Directo, Buscadores, Directo, Directo"
41,Directo,2022-01-08,1548,"Directo, Redes Sociales, Afiliados, Buscadores, Directo, Buscadores, Directo, Directo"
42,Afiliados,2022-01-01,,"Afiliados, Directo"
42,Directo,2022-01-02,736,"Afiliados, Directo"
43,Directo,2022-01-01,5484,Directo
44,Buscadores,2022-01-01,,"Buscadores, Afiliados, Referral, Referral, Display"
44,Afiliados,2022-01-02,,"Buscadores, Afiliados, Referral, Referral, Display"
44,Referral,2022-01-03,,"Buscadores, Afiliados, Referral, Referral, Display"
44,Referral,2022-01-04,,"Buscadores, Afiliados, Referral, Referral, Display"
44,Display,2022-01-05,912,"Buscadores, Afiliados, Referral, Referral, Display"
45,Redes Sociales,2022-01-01,,"Redes Sociales, Buscadores, Directo, Afiliados, Referral, Afiliados, Directo, Directo"
45,Buscadores,2022-01-02,,"Redes Sociales, Buscadores, Directo, Afiliados, Referral, Afiliados, Directo, Directo"
45,Directo,2022-01-03,,"Redes Sociales, Buscadores, Directo, Afiliados, Referral, Afiliados, Directo, Directo"
45,Afiliados,2022-01-04,,"Redes Sociales, Buscadores, Directo, Afiliados, Referral, Afiliados, Directo, Directo"
45,Referral,2022-01-05,,"Redes Sociales, Buscadores, Directo, Afiliados, Referral, Afiliados, Directo, Directo"
45,Afiliados,2022-01-06,,"Redes Sociales, Buscadores, Directo, Afiliados, Referral, Afiliados, Directo, Directo"
45,Directo,2022-01-07,,"Redes Sociales, Buscadores, Directo, Afiliados, Referral, Afiliados, Directo, Directo"
45,Directo,2022-01-08,9070,"Redes Sociales, Buscadores, Directo, Afiliados, Referral, Afiliados, Directo, Directo"
46,Buscadores,2022-01-01,,"Buscadores, Referral, Buscadores, Buscadores"
46,Referral,2022-01-02,,"Buscadores, Referral, Buscadores, Buscadores"
46,Buscadores,2022-01-03,,"Buscadores, Referral, Buscadores, Buscadores"
46,Buscadores,2022-01-04,6468,"Buscadores, Referral, Buscadores, Buscadores"
47,Email,2022-01-01,,"Email, Buscadores, Directo, Directo"
47,Buscadores,2022-01-02,,"Email, Buscadores, Directo, Directo"
47,Directo,2022-01-03,,"Email, Buscadores, Directo, Directo"
47,Directo,2022-01-04,556,"Email, Buscadores, Directo, Directo"
48,Buscadores,2022-01-01,,"Buscadores, Referral, Afiliados, Email, Directo, Buscadores"
48,Referral,2022-01-02,,"Buscadores, Referral, Afiliados, Email, Directo, Buscadores"
48,Afiliados,2022-01-03,,"Buscadores, Referral, Afiliados, Email, Directo, Buscadores"
48,Email,2022-01-04,,"Buscadores, Referral, Afiliados, Email, Directo, Buscadores"
48,Directo,2022-01-05,,"Buscadores, Referral, Afiliados, Email, Directo, Buscadores"
48,Buscadores,2022-01-06,1044,"Buscadores, Referral, Afiliados, Email, Directo, Buscadores"
49,Referral,2022-01-01,,"Referral, Directo, Redes Sociales, Buscadores"
49,Directo,2022-01-02,,"Referral, Directo, Redes Sociales, Buscadores"
49,Redes Sociales,2022-01-03,,"Referral, Directo, Redes Sociales, Buscadores"
49,Buscadores,2022-01-04,1485,"Referral, Directo, Redes Sociales, Buscadores"
50,Referral,2022-01-01,,"Referral, Buscadores, Redes Sociales, Otros, Buscadores, Directo, Referral, Redes Sociales"
50,Buscadores,2022-01-02,,"Referral, Buscadores, Redes Sociales, Otros, Buscadores, Directo, Referral, Redes Sociales"
50,Redes Sociales,2022-01-03,,"Referral, Buscadores, Redes Sociales, Otros, Buscadores, Directo, Referral, Redes Sociales"
50,Otros,2022-01-04,,"Referral, Buscadores, Redes Sociales, Otros, Buscadores, Directo, Referral, Redes Sociales"
50,Buscadores,2022-01-05,,"Referral, Buscadores, Redes Sociales, Otros, Buscadores, Directo, Referral, Redes Sociales"
50,Directo,2022-01-06,,"Referral, Buscadores, Redes Sociales, Otros, Buscadores, Directo, Referral, Redes Sociales"
50,Referral,2022-01-07,,"Referral, Buscadores, Redes Sociales, Otros, Buscadores, Directo, Referral, Redes Sociales"
50,Redes Sociales,2022-01-08,956,"Referral, Buscadores, Redes Sociales, Otros, Buscadores, Directo, Referral, Redes Sociales"
51,Referral,2022-01-01,3080,Referral
52,Buscadores,2022-01-01,,"Buscadores, Referral"
52,Referral,2022-01-02,2304,"Buscadores, Referral"
53,Afiliados,2022-01-01,,"Afiliados, Directo, Afiliados, Display"
53,Directo,2022-01-02,,"Afiliados, Directo, Afiliados, Display"
53,Afiliados,2022-01-03,,"Afiliados, Directo, Afiliados, Display"
53,Display,2022-01-04,7659,"Afiliados, Directo, Afiliados, Display"
54,Directo,2022-01-01,,"Directo, Afiliados, Afiliados, Referral, Afiliados, Otros, Afiliados, Redes Sociales"
54,Afiliados,2022-01-02,,"Directo, Afiliados, Afiliados, Referral, Afiliados, Otros, Afiliados, Redes Sociales"
54,Afiliados,2022-01-03,,"Directo, Afiliados, Afiliados, Referral, Afiliados, Otros, Afiliados, Redes Sociales"
54,Referral,2022-01-04,,"Directo, Afiliados, Afiliados, Referral, Afiliados, Otros, Afiliados, Redes Sociales"
54,Afiliados,2022-01-05,,"Directo, Afiliados, Afiliados, Referral, Afiliados, Otros, Afiliados, Redes Sociales"
54,Otros,2022-01-06,,"Directo, Afiliados, Afiliados, Referral, Afiliados, Otros, Afiliados, Redes Sociales"
54,Afiliados,2022-01-07,,"Directo, Afiliados, Afiliados, Referral, Afiliados, Otros, Afiliados, Redes Sociales"
54,Redes Sociales,2022-01-08,2760,"Directo, Afiliados, Afiliados, Referral, Afiliados, Otros, Afiliados, Redes Sociales"
55,Afiliados,2022-01-01,,"Afiliados, Directo, Otros, Directo, Referral, Referral, Buscadores"
55,Directo,2022-01-02,,"Afiliados, Directo, Otros, Directo, Referral, Referral, Buscadores"
55,Otros,2022-01-03,,"Afiliados, Directo, Otros, Directo, Referral, Referral, Buscadores"
55,Directo,2022-01-04,,"Afiliados, Directo, Otros, Directo, Referral, Referral, Buscadores"
55,Referral,2022-01-05,,"Afiliados, Directo, Otros, Directo, Referral, Referral, Buscadores"
55,Referral,2022-01-06,,"Afiliados, Directo, Otros, Directo, Referral, Referral, Buscadores"
55,Buscadores,2022-01-07,2991,"Afiliados, Directo, Otros, Directo, Referral, Referral, Buscadores"
56,Email,2022-01-01,,"Email, Directo, Redes Sociales, Afiliados, Redes Sociales, Display, Afiliados"
56,Directo,2022-01-02,,"Email, Directo, Redes Sociales, Afiliados, Redes Sociales, Display, Afiliados"
56,Redes Sociales,2022-01-03,,"Email, Directo, Redes Sociales, Afiliados, Redes Sociales, Display, Afiliados"
56,Afiliados,2022-01-04,,"Email, Directo, Redes Sociales, Afiliados, Redes Sociales, Display, Afiliados"
56,Redes Sociales,2022-01-05,,"Email, Directo, Redes Sociales, Afiliados, Redes Sociales, Display, Afiliados"
56,Display,2022-01-06,,"Email, Directo, Redes Sociales, Afiliados, Redes Sociales, Display, Afiliados"
56,Afiliados,2022-01-07,1195,"Email, Directo, Redes Sociales, Afiliados, Redes Sociales, Display, Afiliados"
57,Redes Sociales,2022-01-01,,"Redes Sociales, Redes Sociales, Directo"
57,Redes Sociales,2022-01-02,,"Redes Sociales, Redes Sociales, Directo"
57,Directo,2022-01-03,1310,"Redes Sociales, Redes Sociales, Directo"
58,Display,2022-01-01,,"Display, Referral, Afiliados"
58,Referral,2022-01-02,,"Display, Referral, Afiliados"
58,Afiliados,2022-01-03,742,"Display, Referral, Afiliados"
59,Otros,2022-01-01,,"Otros, Afiliados, Directo, Otros, Redes Sociales, Directo, Otros"
59,Afiliados,2022-01-02,,"Otros, Afiliados, Directo, Otros, Redes Sociales, Directo, Otros"
59,Directo,2022-01-03,,"Otros, Afiliados, Directo, Otros, Redes Sociales, Directo, Otros"
59,Otros,2022-01-04,,"Otros, Afiliados, Directo, Otros, Redes Sociales, Directo, Otros"
59,Redes Sociales,2022-01-05,,"Otros, Afiliados, Directo, Otros, Redes Sociales, Directo, Otros"
59,Directo,2022-01-06,,"Otros, Afiliados, Directo, Otros, Redes Sociales, Directo, Otros"
59,Otros,2022-01-07,3744,"Otros, Afiliados, Directo, Otros, Redes Sociales, Directo, Otros"
60,Referral,2022-01-01,,"Referral, Otros, Afiliados, Otros"
60,Otros,2022-01-02,,"Referral, Otros, Afiliados, Otros"
60,Afiliados,2022-01-03,,"Referral, Otros, Afiliados, Otros"
60,Otros,2022-01-04,2812,"Referral, Otros, Afiliados, Otros"
61,Referral,2022-01-01,,"Referral, Afiliados"
61,Afiliados,2022-01-02,2184,"Referral, Afiliados"
62,Referral,2022-01-01,,"Referral, Redes Sociales, Directo, Afiliados"
62,Redes Sociales,2022-01-02,,"Referral, Redes Sociales, Directo, Afiliados"
62,Directo,2022-01-03,,"Referral, Redes Sociales, Directo, Afiliados"
62,Afiliados,2022-01-04,372,"Referral, Redes Sociales, Directo, Afiliados"
63,Directo,2022-01-01,9030,Directo
64,Directo,2022-01-01,,"Directo, Directo, Buscadores, Otros, Display, Afiliados, Afiliados, Redes Sociales"
64,Directo,2022-01-02,,"Directo, Directo, Buscadores, Otros, Display, Afiliados, Afiliados, Redes Sociales"
64,Buscadores,2022-01-03,,"Directo, Directo, Buscadores, Otros, Display, Afiliados, Afiliados, Redes Sociales"
64,Otros,2022-01-04,,"Directo, Directo, Buscadores, Otros, Display, Afiliados, Afiliados, Redes Sociales"
64,Display,2022-01-05,,"Directo, Directo, Buscadores, Otros, Display, Afiliados, Afiliados, Redes Sociales"
64,Afiliados,2022-01-06,,"Directo, Directo, Buscadores, Otros, Display, Afiliados, Afiliados, Redes Sociales"
64,Afiliados,2022-01-07,,"Directo, Directo, Buscadores, Otros, Display, Afiliados, Afiliados, Redes Sociales"
64,Redes Sociales,2022-01-08,723,"Directo, Directo, Buscadores, Otros, Display, Afiliados, Afiliados, Redes Sociales"
65,Directo,2022-01-01,,"Directo, Buscadores, Display"
65,Buscadores,2022-01-02,,"Directo, Buscadores, Display"
65,Display,2022-01-03,4907,"Directo, Buscadores, Display"
66,Redes Sociales,2022-01-01,,"Redes Sociales, Referral, Directo, Referral, Directo, Afiliados, Afiliados, Redes Sociales"
66,Referral,2022-01-02,,"Redes Sociales, Referral, Directo, Referral, Directo, Afiliados, Afiliados, Redes Sociales"
66,Directo,2022-01-03,,"Redes Sociales, Referral, Directo, Referral, Directo, Afiliados, Afiliados, Redes Sociales"
66,Referral,2022-01-04,,"Redes Sociales, Referral, Directo, Referral, Directo, Afiliados, Afiliados, Redes Sociales"
66,Directo,2022-01-05,,"Redes Sociales, Referral, Directo, Referral, Directo, Afiliados, Afiliados, Redes Sociales"
66,Afiliados,2022-01-06,,"Redes Sociales, Referral, Directo, Referral, Directo, Afiliados, Afiliados, Redes Sociales"
66,Afiliados,2022-01-07,,"Redes Sociales, Referral, Directo, Referral, Directo, Afiliados, Afiliados, Redes Sociales"
66,Redes Sociales,2022-01-08,204,"Redes Sociales, Referral, Directo, Referral, Directo, Afiliados, Afiliados, Redes Sociales"
67,Referral,2022-01-01,,"Referral, Afiliados, Buscadores, Otros, Redes Sociales, Directo, Redes Sociales, Referral"
67,Afiliados,2022-01-02,,"Referral, Afiliados, Buscadores, Otros, Redes Sociales, Directo, Redes Sociales, Referral"
67,Buscadores,2022-01-03,,"Referral, Afiliados, Buscadores, Otros, Redes Sociales, Directo, Redes Sociales, Referral"
67,Otros,2022-01-04,,"Referral, Afiliados, Buscadores, Otros, Redes Sociales, Directo, Redes Sociales, Referral"
67,Redes Sociales,2022-01-05,,"Referral, Afiliados, Buscadores, Otros, Redes Sociales, Directo, Redes Sociales, Referral"
67,Directo,2022-01-06,,"Referral, Afiliados, Buscadores, Otros, Redes Sociales, Directo, Redes Sociales, Referral"
67,Redes Sociales,2022-01-07,,"Referral, Afiliados, Buscadores, Otros, Redes Sociales, Directo, Redes Sociales, Referral"
67,Referral,2022-01-08,5050,"Referral, Afiliados, Buscadores, Otros, Redes Sociales, Directo, Redes Sociales, Referral"
68,Redes Sociales,2022-01-01,,"Redes Sociales, Afiliados, Buscadores, Referral, Redes Sociales, Directo, Afiliados"
68,Afiliados,2022-01-02,,"Redes Sociales, Afiliados, Buscadores, Referral, Redes Sociales, Directo, Afiliados"
68,Buscadores,2022-01-03,,"Redes Sociales, Afiliados, Buscadores, Referral, Redes Sociales, Directo, Afiliados"
68,Referral,2022-01-04,,"Redes Sociales, Afiliados, Buscadores, Referral, Redes Sociales, Directo, Afiliados"
68,Redes Sociales,2022-01-05,,"Redes Sociales, Afiliados, Buscadores, Referral, Redes Sociales, Directo, Afiliados"
68,Directo,2022-01-06,,"Redes Sociales, Afiliados, Buscadores, Referral, Redes Sociales, Directo, Afiliados"
68,Afiliados,2022-01-07,224,"Redes Sociales, Afiliados, Buscadores, Referral, Redes Sociales, Directo, Afiliados"
69,Referral,2022-01-01,489,Referral
70,Directo,2022-01-01,,"Directo, Buscadores, Redes Sociales, Buscadores, Directo, Otros, Directo"
70,Buscadores,2022-01-02,,"Directo, Buscadores, Redes Sociales, Buscadores, Directo, Otros, Directo"
70,Redes Sociales,2022-01-03,,"Directo, Buscadores, Redes Sociales, Buscadores, Directo, Otros, Directo"
70,Buscadores,2022-01-04,,"Directo, Buscadores, Redes Sociales, Buscadores, Directo, Otros, Directo"
70,Directo,2022-01-05,,"Directo, Buscadores, Redes Sociales, Buscadores, Directo, Otros, Directo"
70,Otros,2022-01-06,,"Directo, Buscadores, Redes Sociales, Buscadores, Directo, Otros, Directo"
70,Directo,2022-01-07,812,"Directo, Buscadores, Redes Sociales, Buscadores, Directo, Otros, Directo"
71,Afiliados,2022-01-01,,"Afiliados, Display, Redes Sociales, Buscadores"
71,Display,2022-01-02,,"Afiliados, Display, Redes Sociales, Buscadores"
71,Redes Sociales,2022-01-03,,"Afiliados, Display, Redes Sociales, Buscadores"
71,Buscadores,2022-01-04,2190,"Afiliados, Display, Redes Sociales, Buscadores"
72,Buscadores,2022-01-01,,"Buscadores, Redes Sociales, Display, Referral, Afiliados, Afiliados, Afiliados, Afiliados"
72,Redes Sociales,2022-01-02,,"Buscadores, Redes Sociales, Display, Referral, Afiliados, Afiliados, Afiliados, Afiliados"
72,Display,2022-01-03,,"Buscadores, Redes Sociales, Display, Referral, Afiliados, Afiliados, Afiliados, Afiliados"
72,Referral,2022-01-04,,"Buscadores, Redes Sociales, Display, Referral, Afiliados, Afiliados, Afiliados, Afiliados"
72,Afiliados,2022-01-05,,"Buscadores, Redes Sociales, Display, Referral, Afiliados, Afiliados, Afiliados, Afiliados"
72,Afiliados,2022-01-06,,"Buscadores, Redes Sociales, Display, Referral, Afiliados, Afiliados, Afiliados, Afiliados"
72,Afiliados,2022-01-07,,"Buscadores, Redes Sociales, Display, Referral, Afiliados, Afiliados, Afiliados, Afiliados"
72,Afiliados,2022-01-08,676,"Buscadores, Redes Sociales, Display, Referral, Afiliados, Afiliados, Afiliados, Afiliados"
73,Directo,2022-01-01,,"Directo, Buscadores"
73,Buscadores,2022-01-02,1590,"Directo, Buscadores"
74,Afiliados,2022-01-01,,"Afiliados, Buscadores, Referral, Afiliados, Afiliados, Directo, Redes Sociales"
74,Buscadores,2022-01-02,,"Afiliados, Buscadores, Referral, Afiliados, Afiliados, Directo, Redes Sociales"
74,Referral,2022-01-03,,"Afiliados, Buscadores, Referral, Afiliados, Afiliados, Directo, Redes Sociales"
74,Afiliados,2022-01-04,,"Afiliados, Buscadores, Referral, Afiliados, Afiliados, Directo, Redes Sociales"
74,Afiliados,2022-01-05,,"Afiliados, Buscadores, Referral, Afiliados, Afiliados, Directo, Redes Sociales"
74,Directo,2022-01-06,,"Afiliados, Buscadores, Referral, Afiliados, Afiliados, Directo, Redes Sociales"
74,Redes Sociales,2022-01-07,1060,"Afiliados, Buscadores, Referral, Afiliados, Afiliados, Directo, Redes Sociales"
75,Display,2022-01-01,522,Display
76,Directo,2022-01-01,,"Directo, Directo, Redes Sociales, Otros, Afiliados, Afiliados, Referral"
76,Directo,2022-01-02,,"Directo, Directo, Redes Sociales, Otros, Afiliados, Afiliados, Referral"
76,Redes Sociales,2022-01-03,,"Directo, Directo, Redes Sociales, Otros, Afiliados, Afiliados, Referral"
76,Otros,2022-01-04,,"Directo, Directo, Redes Sociales, Otros, Afiliados, Afiliados, Referral"
76,Afiliados,2022-01-05,,"Directo, Directo, Redes Sociales, Otros, Afiliados, Afiliados, Referral"
76,Afiliados,2022-01-06,,"Directo, Directo, Redes Sociales, Otros, Afiliados, Afiliados, Referral"
76,Referral,2022-01-07,806,"Directo, Directo, Redes Sociales, Otros, Afiliados, Afiliados, Referral"
77,Otros,2022-01-01,8379,Otros
78,Display,2022-01-01,,"Display, Afiliados, Afiliados, Redes Sociales, Directo, Referral, Redes Sociales"
78,Afiliados,2022-01-02,,"Display, Afiliados, Afiliados, Redes Sociales, Directo, Referral, Redes Sociales"
78,Afiliados,2022-01-03,,"Display, Afiliados, Afiliados, Redes Sociales, Directo, Referral, Redes Sociales"
78,Redes Sociales,2022-01-04,,"Display, Afiliados, Afiliados, Redes Sociales, Directo, Referral, Redes Sociales"
78,Directo,2022-01-05,,"Display, Afiliados, Afiliados, Redes Sociales, Directo, Referral, Redes Sociales"
78,Referral,2022-01-06,,"Display, Afiliados, Afiliados, Redes Sociales, Directo, Referral, Redes Sociales"
78,Redes Sociales,2022-01-07,3904,"Display, Afiliados, Afiliados, Redes Sociales, Directo, Referral, Redes Sociales"
79,Afiliados,2022-01-01,,"Afiliados, Otros, Redes Sociales, Referral, Directo, Referral, Referral"
79,Otros,2022-01-02,,"Afiliados, Otros, Redes Sociales, Referral, Directo, Referral, Referral"
79,Redes Sociales,2022-01-03,,"Afiliados, Otros, Redes Sociales, Referral, Directo, Referral, Referral"
79,Referral,2022-01-04,,"Afiliados, Otros, Redes Sociales, Referral, Directo, Referral, Referral"
79,Directo,2022-01-05,,"Afiliados, Otros, Redes Sociales, Referral, Directo, Referral, Referral"
79,Referral,2022-01-06,,"Afiliados, Otros, Redes Sociales, Referral, Directo, Referral, Referral"
79,Referral,2022-01-07,2160,"Afiliados, Otros, Redes Sociales, Referral, Directo, Referral, Referral"
80,Directo,2022-01-01,,"Directo, Referral, Directo, Referral, Buscadores, Otros, Directo"
80,Referral,2022-01-02,,"Directo, Referral, Directo, Referral, Buscadores, Otros, Directo"
80,Directo,2022-01-03,,"Directo, Referral, Directo, Referral, Buscadores, Otros, Directo"
80,Referral,2022-01-04,,"Directo, Referral, Directo, Referral, Buscadores, Otros, Directo"
80,Buscadores,2022-01-05,,"Directo, Referral, Directo, Referral, Buscadores, Otros, Directo"
80,Otros,2022-01-06,,"Directo, Referral, Directo, Referral, Buscadores, Otros, Directo"
80,Directo,2022-01-07,4060,"Directo, Referral, Directo, Referral, Buscadores, Otros, Directo"
81,Redes Sociales,2022-01-01,,"Redes Sociales, Buscadores, Buscadores, Redes Sociales, Afiliados, Afiliados"
81,Buscadores,2022-01-02,,"Redes Sociales, Buscadores, Buscadores, Redes Sociales, Afiliados, Afiliados"
81,Buscadores,2022-01-03,,"Redes Sociales, Buscadores, Buscadores, Redes Sociales, Afiliados, Afiliados"
81,Redes Sociales,2022-01-04,,"Redes Sociales, Buscadores, Buscadores, Redes Sociales, Afiliados, Afiliados"
81,Afiliados,2022-01-05,,"Redes Sociales, Buscadores, Buscadores, Redes Sociales, Afiliados, Afiliados"
81,Afiliados,2022-01-06,1548,"Redes Sociales, Buscadores, Buscadores, Redes Sociales, Afiliados, Afiliados"
82,Afiliados,2022-01-01,,"Afiliados, Afiliados, Directo, Directo, Email, Redes Sociales, Display"
82,Afiliados,2022-01-02,,"Afiliados, Afiliados, Directo, Directo, Email, Redes Sociales, Display"
82,Directo,2022-01-03,,"Afiliados, Afiliados, Directo, Directo, Email, Redes Sociales, Display"
82,Directo,2022-01-04,,"Afiliados, Afiliados, Directo, Directo, Email, Redes Sociales, Display"
82,Email,2022-01-05,,"Afiliados, Afiliados, Directo, Directo, Email, Redes Sociales, Display"
82,Redes Sociales,2022-01-06,,"Afiliados, Afiliados, Directo, Directo, Email, Redes Sociales, Display"
82,Display,2022-01-07,1274,"Afiliados, Afiliados, Directo, Directo, Email, Redes Sociales, Display"
83,Buscadores,2022-01-01,,"Buscadores, Afiliados, Referral, Directo"
83,Afiliados,2022-01-02,,"Buscadores, Afiliados, Referral, Directo"
83,Referral,2022-01-03,,"Buscadores, Afiliados, Referral, Directo"
83,Directo,2022-01-04,3452,"Buscadores, Afiliados, Referral, Directo"
84,Referral,2022-01-01,,"Referral, Buscadores, Referral, Directo, Redes Sociales, Redes Sociales, Buscadores"
84,Buscadores,2022-01-02,,"Referral, Buscadores, Referral, Directo, Redes Sociales, Redes Sociales, Buscadores"
84,Referral,2022-01-03,,"Referral, Buscadores, Referral, Directo, Redes Sociales, Redes Sociales, Buscadores"
84,Directo,2022-01-04,,"Referral, Buscadores, Referral, Directo, Redes Sociales, Redes Sociales, Buscadores"
84,Redes Sociales,2022-01-05,,"Referral, Buscadores, Referral, Directo, Redes Sociales, Redes Sociales, Buscadores"
84,Redes Sociales,2022-01-06,,"Referral, Buscadores, Referral, Directo, Redes Sociales, Redes Sociales, Buscadores"
84,Buscadores,2022-01-07,612,"Referral, Buscadores, Referral, Directo, Redes Sociales, Redes Sociales, Buscadores"
85,Referral,2022-01-01,,"Referral, Afiliados, Directo, Referral, Directo"
85,Afiliados,2022-01-02,,"Referral, Afiliados, Directo, Referral, Directo"
85,Directo,2022-01-03,,"Referral, Afiliados, Directo, Referral, Directo"
85,Referral,2022-01-04,,"Referral, Afiliados, Directo, Referral, Directo"
85,Directo,2022-01-05,1772,"Referral, Afiliados, Directo, Referral, Directo"
86,Referral,2022-01-01,,"Referral, Otros, Buscadores, Otros, Referral, Otros, Otros, Referral"
86,Otros,2022-01-02,,"Referral, Otros, Buscadores, Otros, Referral, Otros, Otros, Referral"
86,Buscadores,2022-01-03,,"Referral, Otros, Buscadores, Otros, Referral, Otros, Otros, Referral"
86,Otros,2022-01-04,,"Referral, Otros, Buscadores, Otros, Referral, Otros, Otros, Referral"
86,Referral,2022-01-05,,"Referral, Otros, Buscadores, Otros, Referral, Otros, Otros, Referral"
86,Otros,2022-01-06,,"Referral, Otros, Buscadores, Otros, Referral, Otros, Otros, Referral"
86,Otros,2022-01-07,,"Referral, Otros, Buscadores, Otros, Referral, Otros, Otros, Referral"
86,Referral,2022-01-08,1036,"Referral, Otros, Buscadores, Otros, Referral, Otros, Otros, Referral"
87,Referral,2022-01-01,,"Referral, Directo, Directo, Directo, Afiliados, Redes Sociales, Buscadores"
87,Directo,2022-01-02,,"Referral, Directo, Directo, Directo, Afiliados, Redes Sociales, Buscadores"
87,Directo,2022-01-03,,"Referral, Directo, Directo, Directo, Afiliados, Redes Sociales, Buscadores"
87,Directo,2022-01-04,,"Referral, Directo, Directo, Directo, Afiliados, Redes Sociales, Buscadores"
87,Afiliados,2022-01-05,,"Referral, Directo, Directo, Directo, Afiliados, Redes Sociales, Buscadores"
87,Redes Sociales,2022-01-06,,"Referral, Directo, Directo, Directo, Afiliados, Redes Sociales, Buscadores"
87,Buscadores,2022-01-07,2080,"Referral, Directo, Directo, Directo, Afiliados, Redes Sociales, Buscadores"
88,Directo,2022-01-01,,"Directo, Referral, Buscadores, Referral, Otros, Directo, Redes Sociales"
88,Referral,2022-01-02,,"Directo, Referral, Buscadores, Referral, Otros, Directo, Redes Sociales"
88,Buscadores,2022-01-03,,"Directo, Referral, Buscadores, Referral, Otros, Directo, Redes Sociales"
88,Referral,2022-01-04,,"Directo, Referral, Buscadores, Referral, Otros, Directo, Redes Sociales"
88,Otros,2022-01-05,,"Directo, Referral, Buscadores, Referral, Otros, Directo, Redes Sociales"
88,Directo,2022-01-06,,"Directo, Referral, Buscadores, Referral, Otros, Directo, Redes Sociales"
88,Redes Sociales,2022-01-07,4459,"Directo, Referral, Buscadores, Referral, Otros, Directo, Redes Sociales"
89,Display,2022-01-01,3390,Display
90,Redes Sociales,2022-01-01,2691,Redes Sociales
91,Redes Sociales,2022-01-01,,"Redes Sociales, Display, Display, Afiliados"
91,Display,2022-01-02,,"Redes Sociales, Display, Display, Afiliados"
91,Display,2022-01-03,,"Redes Sociales, Display, Display, Afiliados"
91,Afiliados,2022-01-04,1905,"Redes Sociales, Display, Display, Afiliados"
92,Email,2022-01-01,,"Email, Directo, Directo, Otros, Afiliados, Directo"
92,Directo,2022-01-02,,"Email, Directo, Directo, Otros, Afiliados, Directo"
92,Directo,2022-01-03,,"Email, Directo, Directo, Otros, Afiliados, Directo"
92,Otros,2022-01-04,,"Email, Directo, Directo, Otros, Afiliados, Directo"
92,Afiliados,2022-01-05,,"Email, Directo, Directo, Otros, Afiliados, Directo"
92,Directo,2022-01-06,2740,"Email, Directo, Directo, Otros, Afiliados, Directo"
93,Referral,2022-01-01,,"Referral, Referral, Redes Sociales, Referral"
93,Referral,2022-01-02,,"Referral, Referral, Redes Sociales, Referral"
93,Redes Sociales,2022-01-03,,"Referral, Referral, Redes Sociales, Referral"
93,Referral,2022-01-04,2142,"Referral, Referral, Redes Sociales, Referral"
94,Redes Sociales,2022-01-01,,"Redes Sociales, Afiliados, Afiliados, Display"
94,Afiliados,2022-01-02,,"Redes Sociales, Afiliados, Afiliados, Display"
94,Afiliados,2022-01-03,,"Redes Sociales, Afiliados, Afiliados, Display"
94,Display,2022-01-04,353,"Redes Sociales, Afiliados, Afiliados, Display"
95,Redes Sociales,2022-01-01,,"Redes Sociales, Display, Directo, Email"
95,Display,2022-01-02,,"Redes Sociales, Display, Directo, Email"
95,Directo,2022-01-03,,"Redes Sociales, Display, Directo, Email"
95,Email,2022-01-04,2176,"Redes Sociales, Display, Directo, Email"
96,Otros,2022-01-01,,"Otros, Email, Otros, Afiliados, Referral"
96,Email,2022-01-02,,"Otros, Email, Otros, Afiliados, Referral"
96,Otros,2022-01-03,,"Otros, Email, Otros, Afiliados, Referral"
96,Afiliados,2022-01-04,,"Otros, Email, Otros, Afiliados, Referral"
96,Referral,2022-01-05,2455,"Otros, Email, Otros, Afiliados, Referral"
97,Redes Sociales,2022-01-01,,"Redes Sociales, Redes Sociales"
97,Redes Sociales,2022-01-02,828,"Redes Sociales, Redes Sociales"
98,Referral,2022-01-01,,"Referral, Referral, Referral, Buscadores, Buscadores, Afiliados"
98,Referral,2022-01-02,,"Referral, Referral, Referral, Buscadores, Buscadores, Afiliados"
98,Referral,2022-01-03,,"Referral, Referral, Referral, Buscadores, Buscadores, Afiliados"
98,Buscadores,2022-01-04,,"Referral, Referral, Referral, Buscadores, Buscadores, Afiliados"
98,Buscadores,2022-01-05,,"Referral, Referral, Referral, Buscadores, Buscadores, Afiliados"
98,Afiliados,2022-01-06,8190,"Referral, Referral, Referral, Buscadores, Buscadores, Afiliados"
99,Afiliados,2022-01-01,,"Afiliados, Directo, Directo, Referral, Otros"
99,Directo,2022-01-02,,"Afiliados, Directo, Directo, Referral, Otros"
99,Directo,2022-01-03,,"Afiliados, Directo, Directo, Referral, Otros"
99,Referral,2022-01-04,,"Afiliados, Directo, Directo, Referral, Otros"
99,Otros,2022-01-05,790,"Afiliados, Directo, Directo, Referral, Otros"
100,Referral,2022-01-01,,"Referral, Afiliados, Referral, Referral, Directo, Redes Sociales"
100,Afiliados,2022-01-02,,"Referral, Afiliados, Referral, Referral, Directo, Redes Sociales"
100,Referral,2022-01-03,,"Referral, Afiliados, Referral, Referral, Directo, Redes Sociales"
100,Referral,2022-01-04,,"Referral, Afiliados, Referral, Referral, Directo, Redes Sociales"
100,Directo,2022-01-05,,"Referral, Afiliados, Referral, Referral, Directo, Redes Sociales"
100,Redes Sociales,2022-01-06,6136,"Referral, Afiliados, Referral, Referral, Directo, Redes Sociales"
